{
  "minecraft:recipes/decorations/crafting_table": {
    "criteria": {
      "unlock_right_away": "2024-10-03 06:15:12 +0000"
    },
    "done": true
  },
  "minecraft:adventure/adventuring_time": {
    "criteria": {
      "minecraft:beach": "2024-10-03 06:28:16 +0000",
      "minecraft:forest": "2024-10-03 06:35:10 +0000",
      "minecraft:sparse_jungle": "2024-10-03 06:15:14 +0000",
      "minecraft:jungle": "2024-10-03 06:28:22 +0000",
      "minecraft:river": "2024-10-03 06:28:12 +0000",
      "minecraft:lukewarm_ocean": "2024-10-03 06:28:15 +0000",
      "minecraft:lush_caves": "2024-10-03 07:28:21 +0000",
      "minecraft:bamboo_jungle": "2024-10-03 06:28:25 +0000"
    },
    "done": false
  },
  "minecraft:recipes/building_blocks/jungle_wood": {
    "criteria": {
      "has_log": "2024-10-03 06:28:43 +0000"
    },
    "done": true
  },
  "minecraft:recipes/building_blocks/jungle_planks": {
    "criteria": {
      "has_logs": "2024-10-03 06:28:43 +0000"
    },
    "done": true
  },
  "minecraft:recipes/misc/charcoal": {
    "criteria": {
      "has_log": "2024-10-03 06:28:43 +0000"
    },
    "done": true
  },
  "DataVersion": 3953
}